Date,Expenditure,Mineral_Type,,,,,,,,,
Sep-1999,6.5,Copper deposits ,,,,,,,,,
Dec-1999,8.3,Copper deposits ,,,,,,,,,
Mar-2000,6.5,Copper deposits ,,,,,,,,,
Jun-2000,7.0,Copper deposits ,,,,,,,,,
Sep-2000,6.9,Copper deposits ,,,,,,,,,
Dec-2000,7.7,Copper deposits ,,,,,,,,,
Mar-2001,5.8,Copper deposits ,,,,,,,,,
Jun-2001,12.3,Copper deposits ,,,,,,,,,
Sep-2001,10.0,Copper deposits ,,,,,,,,,
Dec-2001,10.3,Copper deposits ,,,,,,,,,
Mar-2002,8.1,Copper deposits ,,,,,,,,,
Jun-2002,13.1,Copper deposits ,,,,,,,,,
Sep-2002,11.1,Copper deposits ,,,,,,,,,
Dec-2002,10.1,Copper deposits ,,,,,,,,,
Mar-2003,8.6,Copper deposits ,,,,,,,,,
Jun-2003,10.0,Copper deposits ,,,,,,,,,
Sep-2003,7.0,Copper deposits ,,,,,,,,,
Dec-2003,8.9,Copper deposits ,,,,,,,,,
Mar-2004,8.2,Copper deposits ,,,,,,,,,
Jun-2004,13.8,Copper deposits ,,,,,,,,,
Sep-2004,15.5,Copper deposits ,,,,,,,,,
Dec-2004,18.3,Copper deposits ,,,,,,,,,
Mar-2005,15.2,Copper deposits ,,,,,,,,,
Jun-2005,22.4,Copper deposits ,,,,,,,,,
Sep-2005,31.5,Copper deposits ,,,,,,,,,
Dec-2005,36.7,Copper deposits ,,,,,,,,,
Mar-2006,24.6,Copper deposits ,,,,,,,,,
Jun-2006,46.7,Copper deposits ,,,,,,,,,
Sep-2006,52.7,Copper deposits ,,,,,,,,,
Dec-2006,53.5,Copper deposits ,,,,,,,,,
Mar-2007,51.2,Copper deposits ,,,,,,,,,
Jun-2007,77.1,Copper deposits ,,,,,,,,,
Sep-2007,65.2,Copper deposits ,,,,,,,,,
Dec-2007,70.2,Copper deposits ,,,,,,,,,
Mar-2008,64.8,Copper deposits ,,,,,,,,,
Jun-2008,93.3,Copper deposits ,,,,,,,,,
Sep-2008,79.2,Copper deposits ,,,,,,,,,
Dec-2008,55.7,Copper deposits ,,,,,,,,,
Mar-2009,25.8,Copper deposits ,,,,,,,,,
Jun-2009,18.0,Copper deposits ,,,,,,,,,
Sep-2009,37.0,Copper deposits ,,,,,,,,,
Dec-2009,54.0,Copper deposits ,,,,,,,,,
Mar-2010,47.0,Copper deposits ,,,,,,,,,
Jun-2010,63.7,Copper deposits ,,,,,,,,,
Sep-2010,68.9,Copper deposits ,,,,,,,,,
Dec-2010,81.8,Copper deposits ,,,,,,,,,
Mar-2011,70.9,Copper deposits ,,,,,,,,,
Jun-2011,101.5,Copper deposits ,,,,,,,,,
Sep-2011,108.9,Copper deposits ,,,,,,,,,
Dec-2011,114.6,Copper deposits ,,,,,,,,,
Mar-2012,98.7,Copper deposits ,,,,,,,,,
Jun-2012,120.4,Copper deposits ,,,,,,,,,
Sep-2012,102.5,Copper deposits ,,,,,,,,,
Dec-2012,92.1,Copper deposits ,,,,,,,,,
Mar-2013,61.0,Copper deposits ,,,,,,,,,
Jun-2013,63.7,Copper deposits ,,,,,,,,,
Sep-2013,54.6,Copper deposits ,,,,,,,,,
Dec-2013,43.5,Copper deposits ,,,,,,,,,
Mar-2014,36.2,Copper deposits ,,,,,,,,,
Jun-2014,42.5,Copper deposits ,,,,,,,,,
Sep-2014,44.2,Copper deposits ,,,,,,,,,
Dec-2014,40.8,Copper deposits ,,,,,,,,,
Mar-2015,31.3,Copper deposits ,,,,,,,,,
Jun-2015,28.1,Copper deposits ,,,,,,,,,
Sep-2015,30.2,Copper deposits ,,,,,,,,,
Dec-2015,31.4,Copper deposits ,,,,,,,,,
Mar-2016,36.6,Copper deposits ,,,,,,,,,
Jun-2016,32.2,Copper deposits ,,,,,,,,,
Sep-2016,34.8,Copper deposits ,,,,,,,,,
Dec-2016,32.1,Copper deposits ,,,,,,,,,
Mar-2017,26.7,Copper deposits ,,,,,,,,,
Jun-2017,42.2,Copper deposits ,,,,,,,,,
Sep-2017,44.5,Copper deposits ,,,,,,,,,
Dec-2017,42.4,Copper deposits ,,,,,,,,,
Mar-2018,46.2,Copper deposits ,,,,,,,,,
Jun-2018,59.8,Copper deposits ,,,,,,,,,
Sep-2018,73.2,Copper deposits ,,,,,,,,,
Dec-2018,81.6,Copper deposits ,,,,,,,,,
Mar-2019,65.0,Copper deposits ,,,,,,,,,
Jun-2019,109.0,Copper deposits ,,,,,,,,,
Sep-2019,117.1,Copper deposits ,,,,,,,,,
Dec-2019,123.8,Copper deposits ,,,,,,,,,
Mar-2020,95.9,Copper deposits ,,,,,,,,,
Jun-2020,83.3,Copper deposits ,,,,,,,,,
Sep-2020,75.8,Copper deposits ,,,,,,,,,
Dec-2020,78.7,Copper deposits ,,,,,,,,,
Mar-2021,102.8,Copper deposits ,,,,,,,,,
Jun-2021,119.6,Copper deposits ,,,,,,,,,
Sep-1999,16.1,Zinc deposits ,,,,,,,,,
Dec-1999,14.7,Zinc deposits ,,,,,,,,,
Mar-2000,10.0,Zinc deposits ,,,,,,,,,
Jun-2000,14.6,Zinc deposits ,,,,,,,,,
Sep-2000,14.9,Zinc deposits ,,,,,,,,,
Dec-2000,16.3,Zinc deposits ,,,,,,,,,
Mar-2001,13.1,Zinc deposits ,,,,,,,,,
Jun-2001,15.5,Zinc deposits ,,,,,,,,,
Sep-2001,11.4,Zinc deposits ,,,,,,,,,
Dec-2001,9.3,Zinc deposits ,,,,,,,,,
Mar-2002,6.7,Zinc deposits ,,,,,,,,,
Jun-2002,10.3,Zinc deposits ,,,,,,,,,
Sep-2002,8.8,Zinc deposits ,,,,,,,,,
Dec-2002,10.3,Zinc deposits ,,,,,,,,,
Mar-2003,6.7,Zinc deposits ,,,,,,,,,
Jun-2003,10.9,Zinc deposits ,,,,,,,,,
Sep-2003,5.8,Zinc deposits ,,,,,,,,,
Dec-2003,6.3,Zinc deposits ,,,,,,,,,
Mar-2004,6.2,Zinc deposits ,,,,,,,,,
Jun-2004,11.5,Zinc deposits ,,,,,,,,,
Sep-2004,7.8,Zinc deposits ,,,,,,,,,
Dec-2004,7.9,Zinc deposits ,,,,,,,,,
Mar-2005,7.0,Zinc deposits ,,,,,,,,,
Jun-2005,8.6,Zinc deposits ,,,,,,,,,
Sep-2005,13.1,Zinc deposits ,,,,,,,,,
Dec-2005,17.8,Zinc deposits ,,,,,,,,,
Mar-2006,14.8,Zinc deposits ,,,,,,,,,
Jun-2006,25.5,Zinc deposits ,,,,,,,,,
Sep-2006,26.3,Zinc deposits ,,,,,,,,,
Dec-2006,34.1,Zinc deposits ,,,,,,,,,
Mar-2007,33.5,Zinc deposits ,,,,,,,,,
Jun-2007,45.5,Zinc deposits ,,,,,,,,,
Sep-2007,56.9,Zinc deposits ,,,,,,,,,
Dec-2007,51.5,Zinc deposits ,,,,,,,,,
Mar-2008,39.0,Zinc deposits ,,,,,,,,,
Jun-2008,39.1,Zinc deposits ,,,,,,,,,
Sep-2008,34.8,Zinc deposits ,,,,,,,,,
Dec-2008,20.2,Zinc deposits ,,,,,,,,,
Mar-2009,17.6,Zinc deposits ,,,,,,,,,
Jun-2009,7.9,Zinc deposits ,,,,,,,,,
Sep-2009,12.3,Zinc deposits ,,,,,,,,,
Dec-2009,10.4,Zinc deposits ,,,,,,,,,
Mar-2010,13.0,Zinc deposits ,,,,,,,,,
Jun-2010,15.9,Zinc deposits ,,,,,,,,,
Sep-2010,19.0,Zinc deposits ,,,,,,,,,
Dec-2010,18.7,Zinc deposits ,,,,,,,,,
Mar-2011,18.0,Zinc deposits ,,,,,,,,,
Jun-2011,19.8,Zinc deposits ,,,,,,,,,
Sep-2011,22.0,Zinc deposits ,,,,,,,,,
Dec-2011,22.9,Zinc deposits ,,,,,,,,,
Mar-2012,21.2,Zinc deposits ,,,,,,,,,
Jun-2012,21.4,Zinc deposits ,,,,,,,,,
Sep-2012,21.1,Zinc deposits ,,,,,,,,,
Dec-2012,19.6,Zinc deposits ,,,,,,,,,
Mar-2013,18.5,Zinc deposits ,,,,,,,,,
Jun-2013,20.6,Zinc deposits ,,,,,,,,,
Sep-2013,13.1,Zinc deposits ,,,,,,,,,
Dec-2013,12.3,Zinc deposits ,,,,,,,,,
Mar-2014,10.1,Zinc deposits ,,,,,,,,,
Jun-2014,10.3,Zinc deposits ,,,,,,,,,
Sep-2014,13.1,Zinc deposits ,,,,,,,,,
Dec-2014,16.9,Zinc deposits ,,,,,,,,,
Mar-2015,8.7,Zinc deposits ,,,,,,,,,
Jun-2015,13.2,Zinc deposits ,,,,,,,,,
Sep-2015,16.4,Zinc deposits ,,,,,,,,,
Dec-2015,12.3,Zinc deposits ,,,,,,,,,
Mar-2016,9.2,Zinc deposits ,,,,,,,,,
Jun-2016,12.0,Zinc deposits ,,,,,,,,,
Sep-2016,11.9,Zinc deposits ,,,,,,,,,
Dec-2016,13.4,Zinc deposits ,,,,,,,,,
Mar-2017,7.7,Zinc deposits ,,,,,,,,,
Jun-2017,21.6,Zinc deposits ,,,,,,,,,
Sep-2017,27.6,Zinc deposits ,,,,,,,,,
Dec-2017,29.3,Zinc deposits ,,,,,,,,,
Mar-2018,18.6,Zinc deposits ,,,,,,,,,
Jun-2018,27.8,Zinc deposits ,,,,,,,,,
Sep-2018,26.0,Zinc deposits ,,,,,,,,,
Dec-2018,26.0,Zinc deposits ,,,,,,,,,
Mar-2019,14.8,Zinc deposits ,,,,,,,,,
Jun-2019,22.4,Zinc deposits ,,,,,,,,,
Sep-2019,27.3,Zinc deposits ,,,,,,,,,
Dec-2019,16.0,Zinc deposits ,,,,,,,,,
Mar-2020,6.8,Zinc deposits ,,,,,,,,,
Jun-2020,8.4,Zinc deposits ,,,,,,,,,
Sep-2020,13.1,Zinc deposits ,,,,,,,,,
Dec-2020,23.1,Zinc deposits ,,,,,,,,,
Mar-2021,13.4,Zinc deposits ,,,,,,,,,
Jun-2021,15.0,Zinc deposits ,,,,,,,,,
Sep-1999,11.1," Nickel, Cobalt deposits ",,,,,,,,,
Dec-1999,22.0," Nickel, Cobalt deposits ",,,,,,,,,
Mar-2000,21.6," Nickel, Cobalt deposits ",,,,,,,,,
Jun-2000,18.4," Nickel, Cobalt deposits ",,,,,,,,,
Sep-2000,17.1," Nickel, Cobalt deposits ",,,,,,,,,
Dec-2000,24.1," Nickel, Cobalt deposits ",,,,,,,,,
Mar-2001,14.7," Nickel, Cobalt deposits ",,,,,,,,,
Jun-2001,16.9," Nickel, Cobalt deposits ",,,,,,,,,
Sep-2001,14.9," Nickel, Cobalt deposits ",,,,,,,,,
Dec-2001,16.7," Nickel, Cobalt deposits ",,,,,,,,,
Mar-2002,9.8," Nickel, Cobalt deposits ",,,,,,,,,
Jun-2002,12.3," Nickel, Cobalt deposits ",,,,,,,,,
Sep-2002,14.7," Nickel, Cobalt deposits ",,,,,,,,,
Dec-2002,17.9," Nickel, Cobalt deposits ",,,,,,,,,
Mar-2003,12.3," Nickel, Cobalt deposits ",,,,,,,,,
Jun-2003,21.0," Nickel, Cobalt deposits ",,,,,,,,,
Sep-2003,14.4," Nickel, Cobalt deposits ",,,,,,,,,
Dec-2003,22.8," Nickel, Cobalt deposits ",,,,,,,,,
Mar-2004,15.5," Nickel, Cobalt deposits ",,,,,,,,,
Jun-2004,31.5," Nickel, Cobalt deposits ",,,,,,,,,
Sep-2004,30.8," Nickel, Cobalt deposits ",,,,,,,,,
Dec-2004,40.4," Nickel, Cobalt deposits ",,,,,,,,,
Mar-2005,43.3," Nickel, Cobalt deposits ",,,,,,,,,
Jun-2005,44.1," Nickel, Cobalt deposits ",,,,,,,,,
Sep-2005,40.0," Nickel, Cobalt deposits ",,,,,,,,,
Dec-2005,40.7," Nickel, Cobalt deposits ",,,,,,,,,
Mar-2006,29.3," Nickel, Cobalt deposits ",,,,,,,,,
Jun-2006,36.0," Nickel, Cobalt deposits ",,,,,,,,,
Sep-2006,39.8," Nickel, Cobalt deposits ",,,,,,,,,
Dec-2006,42.8," Nickel, Cobalt deposits ",,,,,,,,,
Mar-2007,40.6," Nickel, Cobalt deposits ",,,,,,,,,
Jun-2007,57.9," Nickel, Cobalt deposits ",,,,,,,,,
Sep-2007,66.8," Nickel, Cobalt deposits ",,,,,,,,,
Dec-2007,85.9," Nickel, Cobalt deposits ",,,,,,,,,
Mar-2008,64.0," Nickel, Cobalt deposits ",,,,,,,,,
Jun-2008,86.5," Nickel, Cobalt deposits ",,,,,,,,,
Sep-2008,95.0," Nickel, Cobalt deposits ",,,,,,,,,
Dec-2008,78.5," Nickel, Cobalt deposits ",,,,,,,,,
Mar-2009,41.2," Nickel, Cobalt deposits ",,,,,,,,,
Jun-2009,45.2," Nickel, Cobalt deposits ",,,,,,,,,
Sep-2009,48.6," Nickel, Cobalt deposits ",,,,,,,,,
Dec-2009,51.3," Nickel, Cobalt deposits ",,,,,,,,,
Mar-2010,47.6," Nickel, Cobalt deposits ",,,,,,,,,
Jun-2010,56.4," Nickel, Cobalt deposits ",,,,,,,,,
Sep-2010,69.3," Nickel, Cobalt deposits ",,,,,,,,,
Dec-2010,62.4," Nickel, Cobalt deposits ",,,,,,,,,
Mar-2011,67.6," Nickel, Cobalt deposits ",,,,,,,,,
Jun-2011,71.6," Nickel, Cobalt deposits ",,,,,,,,,
Sep-2011,73.6," Nickel, Cobalt deposits ",,,,,,,,,
Dec-2011,49.3," Nickel, Cobalt deposits ",,,,,,,,,
Mar-2012,64.1," Nickel, Cobalt deposits ",,,,,,,,,
Jun-2012,78.4," Nickel, Cobalt deposits ",,,,,,,,,
Sep-2012,43.9," Nickel, Cobalt deposits ",,,,,,,,,
Dec-2012,49.3," Nickel, Cobalt deposits ",,,,,,,,,
Mar-2013,31.0," Nickel, Cobalt deposits ",,,,,,,,,
Jun-2013,40.3," Nickel, Cobalt deposits ",,,,,,,,,
Sep-2013,37.8," Nickel, Cobalt deposits ",,,,,,,,,
Dec-2013,19.2," Nickel, Cobalt deposits ",,,,,,,,,
Mar-2014,16.8," Nickel, Cobalt deposits ",,,,,,,,,
Jun-2014,25.6," Nickel, Cobalt deposits ",,,,,,,,,
Sep-2014,24.3," Nickel, Cobalt deposits ",,,,,,,,,
Dec-2014,22.5," Nickel, Cobalt deposits ",,,,,,,,,
Mar-2015,19.2," Nickel, Cobalt deposits ",,,,,,,,,
Jun-2015,16.7," Nickel, Cobalt deposits ",,,,,,,,,
Sep-2015,14.7," Nickel, Cobalt deposits ",,,,,,,,,
Dec-2015,14.6," Nickel, Cobalt deposits ",,,,,,,,,
Mar-2016,10.7," Nickel, Cobalt deposits ",,,,,,,,,
Jun-2016,10.6," Nickel, Cobalt deposits ",,,,,,,,,
Sep-2016,12.3," Nickel, Cobalt deposits ",,,,,,,,,
Dec-2016,17.9," Nickel, Cobalt deposits ",,,,,,,,,
Mar-2017,20.0," Nickel, Cobalt deposits ",,,,,,,,,
Jun-2017,30.4," Nickel, Cobalt deposits ",,,,,,,,,
Sep-2017,39.7," Nickel, Cobalt deposits ",,,,,,,,,
Dec-2017,48.9," Nickel, Cobalt deposits ",,,,,,,,,
Mar-2018,46.0," Nickel, Cobalt deposits ",,,,,,,,,
Jun-2018,65.5," Nickel, Cobalt deposits ",,,,,,,,,
Sep-2018,47.0," Nickel, Cobalt deposits ",,,,,,,,,
Dec-2018,50.2," Nickel, Cobalt deposits ",,,,,,,,,
Mar-2019,48.3," Nickel, Cobalt deposits ",,,,,,,,,
Jun-2019,57.2," Nickel, Cobalt deposits ",,,,,,,,,
Sep-2019,64.4," Nickel, Cobalt deposits ",,,,,,,,,
Dec-2019,59.8," Nickel, Cobalt deposits ",,,,,,,,,
Mar-2020,36.8," Nickel, Cobalt deposits ",,,,,,,,,
Jun-2020,41.7," Nickel, Cobalt deposits ",,,,,,,,,
Sep-2020,48.9," Nickel, Cobalt deposits ",,,,,,,,,
Dec-2020,54.0," Nickel, Cobalt deposits ",,,,,,,,,
Mar-2021,45.7," Nickel, Cobalt deposits ",,,,,,,,,
Jun-2021,61.3," Nickel, Cobalt deposits ",,,,,,,,,
Sep-1999,33.7,Base Metals deposits ,,,,,,,,,
Dec-1999,45.0,Base Metals deposits ,,,,,,,,,
Mar-2000,38.2,Base Metals deposits ,,,,,,,,,
Jun-2000,40.0,Base Metals deposits ,,,,,,,,,
Sep-2000,38.9,Base Metals deposits ,,,,,,,,,
Dec-2000,48.2,Base Metals deposits ,,,,,,,,,
Mar-2001,33.6,Base Metals deposits ,,,,,,,,,
Jun-2001,44.7,Base Metals deposits ,,,,,,,,,
Sep-2001,36.3,Base Metals deposits ,,,,,,,,,
Dec-2001,36.3,Base Metals deposits ,,,,,,,,,
Mar-2002,24.6,Base Metals deposits ,,,,,,,,,
Jun-2002,35.6,Base Metals deposits ,,,,,,,,,
Sep-2002,34.5,Base Metals deposits ,,,,,,,,,
Dec-2002,38.3,Base Metals deposits ,,,,,,,,,
Mar-2003,27.6,Base Metals deposits ,,,,,,,,,
Jun-2003,41.9,Base Metals deposits ,,,,,,,,,
Sep-2003,27.1,Base Metals deposits ,,,,,,,,,
Dec-2003,38.0,Base Metals deposits ,,,,,,,,,
Mar-2004,29.9,Base Metals deposits ,,,,,,,,,
Jun-2004,56.8,Base Metals deposits ,,,,,,,,,
Sep-2004,54.1,Base Metals deposits ,,,,,,,,,
Dec-2004,66.5,Base Metals deposits ,,,,,,,,,
Mar-2005,65.4,Base Metals deposits ,,,,,,,,,
Jun-2005,75.1,Base Metals deposits ,,,,,,,,,
Sep-2005,84.5,Base Metals deposits ,,,,,,,,,
Dec-2005,95.2,Base Metals deposits ,,,,,,,,,
Mar-2006,68.7,Base Metals deposits ,,,,,,,,,
Jun-2006,108.2,Base Metals deposits ,,,,,,,,,
Sep-2006,118.8,Base Metals deposits ,,,,,,,,,
Dec-2006,130.4,Base Metals deposits ,,,,,,,,,
Mar-2007,125.3,Base Metals deposits ,,,,,,,,,
Jun-2007,180.5,Base Metals deposits ,,,,,,,,,
Sep-2007,189.0,Base Metals deposits ,,,,,,,,,
Dec-2007,207.6,Base Metals deposits ,,,,,,,,,
Mar-2008,167.8,Base Metals deposits ,,,,,,,,,
Jun-2008,219.0,Base Metals deposits ,,,,,,,,,
Sep-2008,209.0,Base Metals deposits ,,,,,,,,,
Dec-2008,154.4,Base Metals deposits ,,,,,,,,,
Mar-2009,84.5,Base Metals deposits ,,,,,,,,,
Jun-2009,71.1,Base Metals deposits ,,,,,,,,,
Sep-2009,97.9,Base Metals deposits ,,,,,,,,,
Dec-2009,115.8,Base Metals deposits ,,,,,,,,,
Mar-2010,107.5,Base Metals deposits ,,,,,,,,,
Jun-2010,135.9,Base Metals deposits ,,,,,,,,,
Sep-2010,157.2,Base Metals deposits ,,,,,,,,,
Dec-2010,162.8,Base Metals deposits ,,,,,,,,,
Mar-2011,156.5,Base Metals deposits ,,,,,,,,,
Jun-2011,192.9,Base Metals deposits ,,,,,,,,,
Sep-2011,204.5,Base Metals deposits ,,,,,,,,,
Dec-2011,186.8,Base Metals deposits ,,,,,,,,,
Mar-2012,184.0,Base Metals deposits ,,,,,,,,,
Jun-2012,220.2,Base Metals deposits ,,,,,,,,,
Sep-2012,167.5,Base Metals deposits ,,,,,,,,,
Dec-2012,161.0,Base Metals deposits ,,,,,,,,,
Mar-2013,110.5,Base Metals deposits ,,,,,,,,,
Jun-2013,124.7,Base Metals deposits ,,,,,,,,,
Sep-2013,105.5,Base Metals deposits ,,,,,,,,,
Dec-2013,75.0,Base Metals deposits ,,,,,,,,,
Mar-2014,63.0,Base Metals deposits ,,,,,,,,,
Jun-2014,78.4,Base Metals deposits ,,,,,,,,,
Sep-2014,81.7,Base Metals deposits ,,,,,,,,,
Dec-2014,80.1,Base Metals deposits ,,,,,,,,,
Mar-2015,59.2,Base Metals deposits ,,,,,,,,,
Jun-2015,58.0,Base Metals deposits ,,,,,,,,,
Sep-2015,61.4,Base Metals deposits ,,,,,,,,,
Dec-2015,58.2,Base Metals deposits ,,,,,,,,,
Mar-2016,56.6,Base Metals deposits ,,,,,,,,,
Jun-2016,54.8,Base Metals deposits ,,,,,,,,,
Sep-2016,59.0,Base Metals deposits ,,,,,,,,,
Dec-2016,63.4,Base Metals deposits ,,,,,,,,,
Mar-2017,54.4,Base Metals deposits ,,,,,,,,,
Jun-2017,94.1,Base Metals deposits ,,,,,,,,,
Sep-2017,111.7,Base Metals deposits ,,,,,,,,,
Dec-2017,120.6,Base Metals deposits ,,,,,,,,,
Mar-2018,110.8,Base Metals deposits ,,,,,,,,,
Jun-2018,153.1,Base Metals deposits ,,,,,,,,,
Sep-2018,146.2,Base Metals deposits ,,,,,,,,,
Dec-2018,157.9,Base Metals deposits ,,,,,,,,,
Mar-2019,128.1,Base Metals deposits ,,,,,,,,,
Jun-2019,188.6,Base Metals deposits ,,,,,,,,,
Sep-2019,208.7,Base Metals deposits ,,,,,,,,,
Dec-2019,199.5,Base Metals deposits ,,,,,,,,,
Mar-2020,139.5,Base Metals deposits ,,,,,,,,,
Jun-2020,133.5,Base Metals deposits ,,,,,,,,,
Sep-2020,137.8,Base Metals deposits ,,,,,,,,,
Dec-2020,155.7,Base Metals deposits ,,,,,,,,,
Mar-2021,161.8,Base Metals deposits ,,,,,,,,,
Jun-2021,195.8,Base Metals deposits ,,,,,,,,,
Sep-1999,101.5,Gold deposits ,,,,,,,,,
Dec-1999,91.6,Gold deposits ,,,,,,,,,
Mar-2000,71.9,Gold deposits ,,,,,,,,,
Jun-2000,109.8,Gold deposits ,,,,,,,,,
Sep-2000,92.5,Gold deposits ,,,,,,,,,
Dec-2000,97.5,Gold deposits ,,,,,,,,,
Mar-2001,83.3,Gold deposits ,,,,,,,,,
Jun-2001,96.8,Gold deposits ,,,,,,,,,
Sep-2001,86.4,Gold deposits ,,,,,,,,,
Dec-2001,84.2,Gold deposits ,,,,,,,,,
Mar-2002,73.9,Gold deposits ,,,,,,,,,
Jun-2002,86.8,Gold deposits ,,,,,,,,,
Sep-2002,95.2,Gold deposits ,,,,,,,,,
Dec-2002,99.3,Gold deposits ,,,,,,,,,
Mar-2003,84.6,Gold deposits ,,,,,,,,,
Jun-2003,99.3,Gold deposits ,,,,,,,,,
Sep-2003,96.7,Gold deposits ,,,,,,,,,
Dec-2003,93.1,Gold deposits ,,,,,,,,,
Mar-2004,91.2,Gold deposits ,,,,,,,,,
Jun-2004,116.1,Gold deposits ,,,,,,,,,
Sep-2004,109.9,Gold deposits ,,,,,,,,,
Dec-2004,96.8,Gold deposits ,,,,,,,,,
Mar-2005,81.9,Gold deposits ,,,,,,,,,
Jun-2005,103.1,Gold deposits ,,,,,,,,,
Sep-2005,100.0,Gold deposits ,,,,,,,,,
Dec-2005,99.1,Gold deposits ,,,,,,,,,
Mar-2006,90.0,Gold deposits ,,,,,,,,,
Jun-2006,110.5,Gold deposits ,,,,,,,,,
Sep-2006,104.3,Gold deposits ,,,,,,,,,
Dec-2006,125.0,Gold deposits ,,,,,,,,,
Mar-2007,103.6,Gold deposits ,,,,,,,,,
Jun-2007,123.0,Gold deposits ,,,,,,,,,
Sep-2007,129.6,Gold deposits ,,,,,,,,,
Dec-2007,146.7,Gold deposits ,,,,,,,,,
Mar-2008,142.4,Gold deposits ,,,,,,,,,
Jun-2008,173.9,Gold deposits ,,,,,,,,,
Sep-2008,133.2,Gold deposits ,,,,,,,,,
Dec-2008,120.4,Gold deposits ,,,,,,,,,
Mar-2009,85.6,Gold deposits ,,,,,,,,,
Jun-2009,98.8,Gold deposits ,,,,,,,,,
Sep-2009,133.4,Gold deposits ,,,,,,,,,
Dec-2009,145.5,Gold deposits ,,,,,,,,,
Mar-2010,130.8,Gold deposits ,,,,,,,,,
Jun-2010,165.7,Gold deposits ,,,,,,,,,
Sep-2010,160.3,Gold deposits ,,,,,,,,,
Dec-2010,167.3,Gold deposits ,,,,,,,,,
Mar-2011,146.4,Gold deposits ,,,,,,,,,
Jun-2011,178.2,Gold deposits ,,,,,,,,,
Sep-2011,184.2,Gold deposits ,,,,,,,,,
Dec-2011,200.0,Gold deposits ,,,,,,,,,
Mar-2012,168.8,Gold deposits ,,,,,,,,,
Jun-2012,215.0,Gold deposits ,,,,,,,,,
Sep-2012,194.4,Gold deposits ,,,,,,,,,
Dec-2012,162.7,Gold deposits ,,,,,,,,,
Mar-2013,154.7,Gold deposits ,,,,,,,,,
Jun-2013,150.0,Gold deposits ,,,,,,,,,
Sep-2013,132.2,Gold deposits ,,,,,,,,,
Dec-2013,116.5,Gold deposits ,,,,,,,,,
Mar-2014,81.7,Gold deposits ,,,,,,,,,
Jun-2014,103.9,Gold deposits ,,,,,,,,,
Sep-2014,90.0,Gold deposits ,,,,,,,,,
Dec-2014,101.7,Gold deposits ,,,,,,,,,
Mar-2015,91.6,Gold deposits ,,,,,,,,,
Jun-2015,112.4,Gold deposits ,,,,,,,,,
Sep-2015,133.7,Gold deposits ,,,,,,,,,
Dec-2015,138.2,Gold deposits ,,,,,,,,,
Mar-2016,119.3,Gold deposits ,,,,,,,,,
Jun-2016,156.9,Gold deposits ,,,,,,,,,
Sep-2016,159.1,Gold deposits ,,,,,,,,,
Dec-2016,182.3,Gold deposits ,,,,,,,,,
Mar-2017,155.2,Gold deposits ,,,,,,,,,
Jun-2017,192.6,Gold deposits ,,,,,,,,,
Sep-2017,192.9,Gold deposits ,,,,,,,,,
Dec-2017,208.9,Gold deposits ,,,,,,,,,
Mar-2018,187.4,Gold deposits ,,,,,,,,,
Jun-2018,220.9,Gold deposits ,,,,,,,,,
Sep-2018,239.7,Gold deposits ,,,,,,,,,
Dec-2018,244.1,Gold deposits ,,,,,,,,,
Mar-2019,223.0,Gold deposits ,,,,,,,,,
Jun-2019,259.8,Gold deposits ,,,,,,,,,
Sep-2019,281.3,Gold deposits ,,,,,,,,,
Dec-2019,303.9,Gold deposits ,,,,,,,,,
Mar-2020,272.3,Gold deposits ,,,,,,,,,
Jun-2020,304.4,Gold deposits ,,,,,,,,,
Sep-2020,356.1,Gold deposits ,,,,,,,,,
Dec-2020,383.5,Gold deposits ,,,,,,,,,
Mar-2021,360.2,Gold deposits ,,,,,,,,,
Jun-2021,429.8,Gold deposits ,,,,,,,,,
Sep-1999,8.8,Iron Ore deposits ,,,,,,,,,
Dec-1999,,Iron Ore deposits ,,,,,,,,,
Mar-2000,5.0,Iron Ore deposits ,,,,,,,,,
Jun-2000,,Iron Ore deposits ,,,,,,,,,
Sep-2000,7.2,Iron Ore deposits ,,,,,,,,,
Dec-2000,7.4,Iron Ore deposits ,,,,,,,,,
Mar-2001,3.4,Iron Ore deposits ,,,,,,,,,
Jun-2001,5.4,Iron Ore deposits ,,,,,,,,,
Sep-2001,4.4,Iron Ore deposits ,,,,,,,,,
Dec-2001,6.9,Iron Ore deposits ,,,,,,,,,
Mar-2002,7.4,Iron Ore deposits ,,,,,,,,,
Jun-2002,6.5,Iron Ore deposits ,,,,,,,,,
Sep-2002,9.0,Iron Ore deposits ,,,,,,,,,
Dec-2002,14.1,Iron Ore deposits ,,,,,,,,,
Mar-2003,11.2,Iron Ore deposits ,,,,,,,,,
Jun-2003,10.2,Iron Ore deposits ,,,,,,,,,
Sep-2003,13.1,Iron Ore deposits ,,,,,,,,,
Dec-2003,17.6,Iron Ore deposits ,,,,,,,,,
Mar-2004,13.8,Iron Ore deposits ,,,,,,,,,
Jun-2004,19.2,Iron Ore deposits ,,,,,,,,,
Sep-2004,29.8,Iron Ore deposits ,,,,,,,,,
Dec-2004,35.1,Iron Ore deposits ,,,,,,,,,
Mar-2005,27.3,Iron Ore deposits ,,,,,,,,,
Jun-2005,45.7,Iron Ore deposits ,,,,,,,,,
Sep-2005,36.3,Iron Ore deposits ,,,,,,,,,
Dec-2005,42.9,Iron Ore deposits ,,,,,,,,,
Mar-2006,32.4,Iron Ore deposits ,,,,,,,,,
Jun-2006,49.7,Iron Ore deposits ,,,,,,,,,
Sep-2006,70.1,Iron Ore deposits ,,,,,,,,,
Dec-2006,72.5,Iron Ore deposits ,,,,,,,,,
Mar-2007,54.0,Iron Ore deposits ,,,,,,,,,
Jun-2007,88.8,Iron Ore deposits ,,,,,,,,,
Sep-2007,112.8,Iron Ore deposits ,,,,,,,,,
Dec-2007,98.5,Iron Ore deposits ,,,,,,,,,
Mar-2008,91.9,Iron Ore deposits ,,,,,,,,,
Jun-2008,146.6,Iron Ore deposits ,,,,,,,,,
Sep-2008,162.0,Iron Ore deposits ,,,,,,,,,
Dec-2008,182.5,Iron Ore deposits ,,,,,,,,,
Mar-2009,105.6,Iron Ore deposits ,,,,,,,,,
Jun-2009,138.6,Iron Ore deposits ,,,,,,,,,
Sep-2009,140.5,Iron Ore deposits ,,,,,,,,,
Dec-2009,136.5,Iron Ore deposits ,,,,,,,,,
Mar-2010,96.3,Iron Ore deposits ,,,,,,,,,
Jun-2010,150.8,Iron Ore deposits ,,,,,,,,,
Sep-2010,152.0,Iron Ore deposits ,,,,,,,,,
Dec-2010,154.2,Iron Ore deposits ,,,,,,,,,
Mar-2011,144.1,Iron Ore deposits ,,,,,,,,,
Jun-2011,214.7,Iron Ore deposits ,,,,,,,,,
Sep-2011,234.7,Iron Ore deposits ,,,,,,,,,
Dec-2011,311.8,Iron Ore deposits ,,,,,,,,,
Mar-2012,267.9,Iron Ore deposits ,,,,,,,,,
Jun-2012,336.2,Iron Ore deposits ,,,,,,,,,
Sep-2012,280.5,Iron Ore deposits ,,,,,,,,,
Dec-2012,278.4,Iron Ore deposits ,,,,,,,,,
Mar-2013,248.2,Iron Ore deposits ,,,,,,,,,
Jun-2013,204.2,Iron Ore deposits ,,,,,,,,,
Sep-2013,222.2,Iron Ore deposits ,,,,,,,,,
Dec-2013,184.2,Iron Ore deposits ,,,,,,,,,
Mar-2014,115.2,Iron Ore deposits ,,,,,,,,,
Jun-2014,189.0,Iron Ore deposits ,,,,,,,,,
Sep-2014,142.9,Iron Ore deposits ,,,,,,,,,
Dec-2014,145.1,Iron Ore deposits ,,,,,,,,,
Mar-2015,82.5,Iron Ore deposits ,,,,,,,,,
Jun-2015,77.2,Iron Ore deposits ,,,,,,,,,
Sep-2015,82.2,Iron Ore deposits ,,,,,,,,,
Dec-2015,74.5,Iron Ore deposits ,,,,,,,,,
Mar-2016,57.7,Iron Ore deposits ,,,,,,,,,
Jun-2016,76.8,Iron Ore deposits ,,,,,,,,,
Sep-2016,79.8,Iron Ore deposits ,,,,,,,,,
Dec-2016,73.7,Iron Ore deposits ,,,,,,,,,
Mar-2017,53.5,Iron Ore deposits ,,,,,,,,,
Jun-2017,84.3,Iron Ore deposits ,,,,,,,,,
Sep-2017,83.8,Iron Ore deposits ,,,,,,,,,
Dec-2017,68.9,Iron Ore deposits ,,,,,,,,,
Mar-2018,50.1,Iron Ore deposits ,,,,,,,,,
Jun-2018,89.0,Iron Ore deposits ,,,,,,,,,
Sep-2018,86.3,Iron Ore deposits ,,,,,,,,,
Dec-2018,75.5,Iron Ore deposits ,,,,,,,,,
Mar-2019,67.4,Iron Ore deposits ,,,,,,,,,
Jun-2019,94.8,Iron Ore deposits ,,,,,,,,,
Sep-2019,102.8,Iron Ore deposits ,,,,,,,,,
Dec-2019,84.6,Iron Ore deposits ,,,,,,,,,
Mar-2020,75.2,Iron Ore deposits ,,,,,,,,,
Jun-2020,98.7,Iron Ore deposits ,,,,,,,,,
Sep-2020,111.0,Iron Ore deposits ,,,,,,,,,
Dec-2020,110.2,Iron Ore deposits ,,,,,,,,,
Mar-2021,101.2,Iron Ore deposits ,,,,,,,,,
Jun-2021,150.8,Iron Ore deposits ,,,,,,,,,
Sep-1999,4.5, Mineral Sands  deposits ,,,,,,,,,
Dec-1999,4.8, Mineral Sands  deposits ,,,,,,,,,
Mar-2000,4.6, Mineral Sands  deposits ,,,,,,,,,
Jun-2000,7.6, Mineral Sands  deposits ,,,,,,,,,
Sep-2000,4.9, Mineral Sands  deposits ,,,,,,,,,
Dec-2000,6.1, Mineral Sands  deposits ,,,,,,,,,
Mar-2001,5.8, Mineral Sands  deposits ,,,,,,,,,
Jun-2001,6.8, Mineral Sands  deposits ,,,,,,,,,
Sep-2001,7.8, Mineral Sands  deposits ,,,,,,,,,
Dec-2001,8.7, Mineral Sands  deposits ,,,,,,,,,
Mar-2002,7.0, Mineral Sands  deposits ,,,,,,,,,
Jun-2002,9.7, Mineral Sands  deposits ,,,,,,,,,
Sep-2002,8.3, Mineral Sands  deposits ,,,,,,,,,
Dec-2002,5.7, Mineral Sands  deposits ,,,,,,,,,
Mar-2003,5.3, Mineral Sands  deposits ,,,,,,,,,
Jun-2003,8.0, Mineral Sands  deposits ,,,,,,,,,
Sep-2003,6.9, Mineral Sands  deposits ,,,,,,,,,
Dec-2003,6.1, Mineral Sands  deposits ,,,,,,,,,
Mar-2004,3.6, Mineral Sands  deposits ,,,,,,,,,
Jun-2004,7.2, Mineral Sands  deposits ,,,,,,,,,
Sep-2004,8.0, Mineral Sands  deposits ,,,,,,,,,
Dec-2004,5.9, Mineral Sands  deposits ,,,,,,,,,
Mar-2005,6.7, Mineral Sands  deposits ,,,,,,,,,
Jun-2005,7.0, Mineral Sands  deposits ,,,,,,,,,
Sep-2005,8.1, Mineral Sands  deposits ,,,,,,,,,
Dec-2005,8.3, Mineral Sands  deposits ,,,,,,,,,
Mar-2006,5.6, Mineral Sands  deposits ,,,,,,,,,
Jun-2006,7.2, Mineral Sands  deposits ,,,,,,,,,
Sep-2006,7.7, Mineral Sands  deposits ,,,,,,,,,
Dec-2006,10.8, Mineral Sands  deposits ,,,,,,,,,
Mar-2007,9.5, Mineral Sands  deposits ,,,,,,,,,
Jun-2007,9.3, Mineral Sands  deposits ,,,,,,,,,
Sep-2007,7.2, Mineral Sands  deposits ,,,,,,,,,
Dec-2007,10.5, Mineral Sands  deposits ,,,,,,,,,
Mar-2008,8.9, Mineral Sands  deposits ,,,,,,,,,
Jun-2008,10.4, Mineral Sands  deposits ,,,,,,,,,
Sep-2008,9.1, Mineral Sands  deposits ,,,,,,,,,
Dec-2008,9.1, Mineral Sands  deposits ,,,,,,,,,
Mar-2009,5.4, Mineral Sands  deposits ,,,,,,,,,
Jun-2009,7.0, Mineral Sands  deposits ,,,,,,,,,
Sep-2009,9.5, Mineral Sands  deposits ,,,,,,,,,
Dec-2009,6.5, Mineral Sands  deposits ,,,,,,,,,
Mar-2010,, Mineral Sands  deposits ,,,,,,,,,
Jun-2010,, Mineral Sands  deposits ,,,,,,,,,
Sep-2010,, Mineral Sands  deposits ,,,,,,,,,
Dec-2010,, Mineral Sands  deposits ,,,,,,,,,
Mar-2011,6.2, Mineral Sands  deposits ,,,,,,,,,
Jun-2011,, Mineral Sands  deposits ,,,,,,,,,
Sep-2011,, Mineral Sands  deposits ,,,,,,,,,
Dec-2011,11.0, Mineral Sands  deposits ,,,,,,,,,
Mar-2012,9.3, Mineral Sands  deposits ,,,,,,,,,
Jun-2012,, Mineral Sands  deposits ,,,,,,,,,
Sep-2012,10.9, Mineral Sands  deposits ,,,,,,,,,
Dec-2012,11.0, Mineral Sands  deposits ,,,,,,,,,
Mar-2013,7.2, Mineral Sands  deposits ,,,,,,,,,
Jun-2013,8.7, Mineral Sands  deposits ,,,,,,,,,
Sep-2013,, Mineral Sands  deposits ,,,,,,,,,
Dec-2013,8.1, Mineral Sands  deposits ,,,,,,,,,
Mar-2014,6.5, Mineral Sands  deposits ,,,,,,,,,
Jun-2014,6.5, Mineral Sands  deposits ,,,,,,,,,
Sep-2014,10.7, Mineral Sands  deposits ,,,,,,,,,
Dec-2014,4.4, Mineral Sands  deposits ,,,,,,,,,
Mar-2015,6.2, Mineral Sands  deposits ,,,,,,,,,
Jun-2015,5.8, Mineral Sands  deposits ,,,,,,,,,
Sep-2015,6.6, Mineral Sands  deposits ,,,,,,,,,
Dec-2015,5.3, Mineral Sands  deposits ,,,,,,,,,
Mar-2016,4.1, Mineral Sands  deposits ,,,,,,,,,
Jun-2016,4.0, Mineral Sands  deposits ,,,,,,,,,
Sep-2016,6.2, Mineral Sands  deposits ,,,,,,,,,
Dec-2016,5.1, Mineral Sands  deposits ,,,,,,,,,
Mar-2017,5.0, Mineral Sands  deposits ,,,,,,,,,
Jun-2017,3.8, Mineral Sands  deposits ,,,,,,,,,
Sep-2017,6.0, Mineral Sands  deposits ,,,,,,,,,
Dec-2017,6.0, Mineral Sands  deposits ,,,,,,,,,
Mar-2018,6.2, Mineral Sands  deposits ,,,,,,,,,
Jun-2018,8.9, Mineral Sands  deposits ,,,,,,,,,
Sep-2018,10.0, Mineral Sands  deposits ,,,,,,,,,
Dec-2018,9.4, Mineral Sands  deposits ,,,,,,,,,
Mar-2019,6.8, Mineral Sands  deposits ,,,,,,,,,
Jun-2019,9.5, Mineral Sands  deposits ,,,,,,,,,
Sep-2019,7.5, Mineral Sands  deposits ,,,,,,,,,
Dec-2019,10.9, Mineral Sands  deposits ,,,,,,,,,
Mar-2020,8.8, Mineral Sands  deposits ,,,,,,,,,
Jun-2020,10.0, Mineral Sands  deposits ,,,,,,,,,
Sep-2020,9.2, Mineral Sands  deposits ,,,,,,,,,
Dec-2020,8.5, Mineral Sands  deposits ,,,,,,,,,
Mar-2021,9.8, Mineral Sands  deposits ,,,,,,,,,
Jun-2021,9.3, Mineral Sands  deposits ,,,,,,,,,
Sep-1999,4.8,Uranium deposits ,,,,,,,,,
Dec-1999,3.7,Uranium deposits ,,,,,,,,,
Mar-2000,,Uranium deposits ,,,,,,,,,
Jun-2000,,Uranium deposits ,,,,,,,,,
Sep-2000,,Uranium deposits ,,,,,,,,,
Dec-2000,2.9,Uranium deposits ,,,,,,,,,
Mar-2001,1.1,Uranium deposits ,,,,,,,,,
Jun-2001,,Uranium deposits ,,,,,,,,,
Sep-2001,3.0,Uranium deposits ,,,,,,,,,
Dec-2001,2.1,Uranium deposits ,,,,,,,,,
Mar-2002,0.9,Uranium deposits ,,,,,,,,,
Jun-2002,2.7,Uranium deposits ,,,,,,,,,
Sep-2002,2.5,Uranium deposits ,,,,,,,,,
Dec-2002,2.0,Uranium deposits ,,,,,,,,,
Mar-2003,0.7,Uranium deposits ,,,,,,,,,
Jun-2003,1.7,Uranium deposits ,,,,,,,,,
Sep-2003,3.5,Uranium deposits ,,,,,,,,,
Dec-2003,3.0,Uranium deposits ,,,,,,,,,
Mar-2004,1.3,Uranium deposits ,,,,,,,,,
Jun-2004,2.8,Uranium deposits ,,,,,,,,,
Sep-2004,6.1,Uranium deposits ,,,,,,,,,
Dec-2004,4.6,Uranium deposits ,,,,,,,,,
Mar-2005,3.2,Uranium deposits ,,,,,,,,,
Jun-2005,6.8,Uranium deposits ,,,,,,,,,
Sep-2005,11.9,Uranium deposits ,,,,,,,,,
Dec-2005,15.8,Uranium deposits ,,,,,,,,,
Mar-2006,10.1,Uranium deposits ,,,,,,,,,
Jun-2006,18.3,Uranium deposits ,,,,,,,,,
Sep-2006,24.7,Uranium deposits ,,,,,,,,,
Dec-2006,27.6,Uranium deposits ,,,,,,,,,
Mar-2007,24.3,Uranium deposits ,,,,,,,,,
Jun-2007,37.5,Uranium deposits ,,,,,,,,,
Sep-2007,50.0,Uranium deposits ,,,,,,,,,
Dec-2007,69.6,Uranium deposits ,,,,,,,,,
Mar-2008,49.2,Uranium deposits ,,,,,,,,,
Jun-2008,62.7,Uranium deposits ,,,,,,,,,
Sep-2008,56.7,Uranium deposits ,,,,,,,,,
Dec-2008,51.9,Uranium deposits ,,,,,,,,,
Mar-2009,27.7,Uranium deposits ,,,,,,,,,
Jun-2009,48.9,Uranium deposits ,,,,,,,,,
Sep-2009,53.9,Uranium deposits ,,,,,,,,,
Dec-2009,49.1,Uranium deposits ,,,,,,,,,
Mar-2010,23.7,Uranium deposits ,,,,,,,,,
Jun-2010,42.4,Uranium deposits ,,,,,,,,,
Sep-2010,58.6,Uranium deposits ,,,,,,,,,
Dec-2010,65.3,Uranium deposits ,,,,,,,,,
Mar-2011,43.4,Uranium deposits ,,,,,,,,,
Jun-2011,46.6,Uranium deposits ,,,,,,,,,
Sep-2011,54.0,Uranium deposits ,,,,,,,,,
Dec-2011,45.6,Uranium deposits ,,,,,,,,,
Mar-2012,29.3,Uranium deposits ,,,,,,,,,
Jun-2012,24.7,Uranium deposits ,,,,,,,,,
Sep-2012,23.5,Uranium deposits ,,,,,,,,,
Dec-2012,20.8,Uranium deposits ,,,,,,,,,
Mar-2013,12.4,Uranium deposits ,,,,,,,,,
Jun-2013,12.8,Uranium deposits ,,,,,,,,,
Sep-2013,16.1,Uranium deposits ,,,,,,,,,
Dec-2013,11.0,Uranium deposits ,,,,,,,,,
Mar-2014,6.4,Uranium deposits ,,,,,,,,,
Jun-2014,10.4,Uranium deposits ,,,,,,,,,
Sep-2014,9.9,Uranium deposits ,,,,,,,,,
Dec-2014,12.8,Uranium deposits ,,,,,,,,,
Mar-2015,7.5,Uranium deposits ,,,,,,,,,
Jun-2015,10.4,Uranium deposits ,,,,,,,,,
Sep-2015,15.4,Uranium deposits ,,,,,,,,,
Dec-2015,10.7,Uranium deposits ,,,,,,,,,
Mar-2016,7.9,Uranium deposits ,,,,,,,,,
Jun-2016,4.3,Uranium deposits ,,,,,,,,,
Sep-2016,4.9,Uranium deposits ,,,,,,,,,
Dec-2016,6.3,Uranium deposits ,,,,,,,,,
Mar-2017,5.1,Uranium deposits ,,,,,,,,,
Jun-2017,5.2,Uranium deposits ,,,,,,,,,
Sep-2017,6.6,Uranium deposits ,,,,,,,,,
Dec-2017,2.9,Uranium deposits ,,,,,,,,,
Mar-2018,1.9,Uranium deposits ,,,,,,,,,
Jun-2018,1.6,Uranium deposits ,,,,,,,,,
Sep-2018,5.2,Uranium deposits ,,,,,,,,,
Dec-2018,3.6,Uranium deposits ,,,,,,,,,
Mar-2019,2.3,Uranium deposits ,,,,,,,,,
Jun-2019,3.1,Uranium deposits ,,,,,,,,,
Sep-2019,2.5,Uranium deposits ,,,,,,,,,
Dec-2019,2.3,Uranium deposits ,,,,,,,,,
Mar-2020,1.1,Uranium deposits ,,,,,,,,,
Jun-2020,1.6,Uranium deposits ,,,,,,,,,
Sep-2020,1.8,Uranium deposits ,,,,,,,,,
Dec-2020,2.2,Uranium deposits ,,,,,,,,,
Mar-2021,1.8,Uranium deposits ,,,,,,,,,
Jun-2021,3.9,Uranium deposits ,,,,,,,,,
Sep-1999,9.5,Coal deposits ,,,,,,,,,
Dec-1999,9.2,Coal deposits ,,,,,,,,,
Mar-2000,7.9,Coal deposits ,,,,,,,,,
Jun-2000,8.7,Coal deposits ,,,,,,,,,
Sep-2000,9.2,Coal deposits ,,,,,,,,,
Dec-2000,9.3,Coal deposits ,,,,,,,,,
Mar-2001,7.6,Coal deposits ,,,,,,,,,
Jun-2001,15.1,Coal deposits ,,,,,,,,,
Sep-2001,11.9,Coal deposits ,,,,,,,,,
Dec-2001,14.4,Coal deposits ,,,,,,,,,
Mar-2002,10.2,Coal deposits ,,,,,,,,,
Jun-2002,13.9,Coal deposits ,,,,,,,,,
Sep-2002,16.0,Coal deposits ,,,,,,,,,
Dec-2002,21.1,Coal deposits ,,,,,,,,,
Mar-2003,14.0,Coal deposits ,,,,,,,,,
Jun-2003,26.7,Coal deposits ,,,,,,,,,
Sep-2003,19.9,Coal deposits ,,,,,,,,,
Dec-2003,24.1,Coal deposits ,,,,,,,,,
Mar-2004,13.7,Coal deposits ,,,,,,,,,
Jun-2004,23.8,Coal deposits ,,,,,,,,,
Sep-2004,27.4,Coal deposits ,,,,,,,,,
Dec-2004,32.0,Coal deposits ,,,,,,,,,
Mar-2005,29.8,Coal deposits ,,,,,,,,,
Jun-2005,37.6,Coal deposits ,,,,,,,,,
Sep-2005,32.2,Coal deposits ,,,,,,,,,
Dec-2005,46.0,Coal deposits ,,,,,,,,,
Mar-2006,41.5,Coal deposits ,,,,,,,,,
Jun-2006,46.7,Coal deposits ,,,,,,,,,
Sep-2006,50.5,Coal deposits ,,,,,,,,,
Dec-2006,60.0,Coal deposits ,,,,,,,,,
Mar-2007,38.8,Coal deposits ,,,,,,,,,
Jun-2007,43.9,Coal deposits ,,,,,,,,,
Sep-2007,50.1,Coal deposits ,,,,,,,,,
Dec-2007,59.8,Coal deposits ,,,,,,,,,
Mar-2008,54.1,Coal deposits ,,,,,,,,,
Jun-2008,70.8,Coal deposits ,,,,,,,,,
Sep-2008,68.5,Coal deposits ,,,,,,,,,
Dec-2008,82.9,Coal deposits ,,,,,,,,,
Mar-2009,69.2,Coal deposits ,,,,,,,,,
Jun-2009,76.7,Coal deposits ,,,,,,,,,
Sep-2009,82.1,Coal deposits ,,,,,,,,,
Dec-2009,84.7,Coal deposits ,,,,,,,,,
Mar-2010,60.4,Coal deposits ,,,,,,,,,
Jun-2010,94.0,Coal deposits ,,,,,,,,,
Sep-2010,85.1,Coal deposits ,,,,,,,,,
Dec-2010,122.3,Coal deposits ,,,,,,,,,
Mar-2011,109.6,Coal deposits ,,,,,,,,,
Jun-2011,202.7,Coal deposits ,,,,,,,,,
Sep-2011,227.4,Coal deposits ,,,,,,,,,
Dec-2011,217.7,Coal deposits ,,,,,,,,,
Mar-2012,177.5,Coal deposits ,,,,,,,,,
Jun-2012,211.7,Coal deposits ,,,,,,,,,
Sep-2012,170.6,Coal deposits ,,,,,,,,,
Dec-2012,149.2,Coal deposits ,,,,,,,,,
Mar-2013,104.5,Coal deposits ,,,,,,,,,
Jun-2013,119.7,Coal deposits ,,,,,,,,,
Sep-2013,109.6,Coal deposits ,,,,,,,,,
Dec-2013,106.4,Coal deposits ,,,,,,,,,
Mar-2014,101.8,Coal deposits ,,,,,,,,,
Jun-2014,80.9,Coal deposits ,,,,,,,,,
Sep-2014,80.3,Coal deposits ,,,,,,,,,
Dec-2014,78.0,Coal deposits ,,,,,,,,,
Mar-2015,43.4,Coal deposits ,,,,,,,,,
Jun-2015,50.1,Coal deposits ,,,,,,,,,
Sep-2015,56.3,Coal deposits ,,,,,,,,,
Dec-2015,63.4,Coal deposits ,,,,,,,,,
Mar-2016,23.4,Coal deposits ,,,,,,,,,
Jun-2016,30.3,Coal deposits ,,,,,,,,,
Sep-2016,37.2,Coal deposits ,,,,,,,,,
Dec-2016,33.3,Coal deposits ,,,,,,,,,
Mar-2017,23.9,Coal deposits ,,,,,,,,,
Jun-2017,26.0,Coal deposits ,,,,,,,,,
Sep-2017,35.1,Coal deposits ,,,,,,,,,
Dec-2017,39.0,Coal deposits ,,,,,,,,,
Mar-2018,36.4,Coal deposits ,,,,,,,,,
Jun-2018,43.6,Coal deposits ,,,,,,,,,
Sep-2018,43.6,Coal deposits ,,,,,,,,,
Dec-2018,50.0,Coal deposits ,,,,,,,,,
Mar-2019,36.0,Coal deposits ,,,,,,,,,
Jun-2019,52.5,Coal deposits ,,,,,,,,,
Sep-2019,63.2,Coal deposits ,,,,,,,,,
Dec-2019,77.6,Coal deposits ,,,,,,,,,
Mar-2020,75.1,Coal deposits ,,,,,,,,,
Jun-2020,87.2,Coal deposits ,,,,,,,,,
Sep-2020,73.1,Coal deposits ,,,,,,,,,
Dec-2020,56.2,Coal deposits ,,,,,,,,,
Mar-2021,50.8,Coal deposits ,,,,,,,,,
Jun-2021,54.9,Coal deposits ,,,,,,,,,
Sep-1999,12.2,Diamonds  deposits ,,,,,,,,,
Dec-1999,9.2,Diamonds  deposits ,,,,,,,,,
Mar-2000,3.5,Diamonds  deposits ,,,,,,,,,
Jun-2000,4.9,Diamonds  deposits ,,,,,,,,,
Sep-2000,11.3,Diamonds  deposits ,,,,,,,,,
Dec-2000,9.7,Diamonds  deposits ,,,,,,,,,
Mar-2001,4.1,Diamonds  deposits ,,,,,,,,,
Jun-2001,6.7,Diamonds  deposits ,,,,,,,,,
Sep-2001,9.4,Diamonds  deposits ,,,,,,,,,
Dec-2001,10.7,Diamonds  deposits ,,,,,,,,,
Mar-2002,5.7,Diamonds  deposits ,,,,,,,,,
Jun-2002,9.6,Diamonds  deposits ,,,,,,,,,
Sep-2002,10.4,Diamonds  deposits ,,,,,,,,,
Dec-2002,6.9,Diamonds  deposits ,,,,,,,,,
Mar-2003,4.6,Diamonds  deposits ,,,,,,,,,
Jun-2003,8.0,Diamonds  deposits ,,,,,,,,,
Sep-2003,7.1,Diamonds  deposits ,,,,,,,,,
Dec-2003,7.9,Diamonds  deposits ,,,,,,,,,
Mar-2004,5.0,Diamonds  deposits ,,,,,,,,,
Jun-2004,5.9,Diamonds  deposits ,,,,,,,,,
Sep-2004,6.9,Diamonds  deposits ,,,,,,,,,
Dec-2004,7.6,Diamonds  deposits ,,,,,,,,,
Mar-2005,3.6,Diamonds  deposits ,,,,,,,,,
Jun-2005,5.6,Diamonds  deposits ,,,,,,,,,
Sep-2005,6.3,Diamonds  deposits ,,,,,,,,,
Dec-2005,7.3,Diamonds  deposits ,,,,,,,,,
Mar-2006,4.4,Diamonds  deposits ,,,,,,,,,
Jun-2006,4.6,Diamonds  deposits ,,,,,,,,,
Sep-2006,8.6,Diamonds  deposits ,,,,,,,,,
Dec-2006,10.2,Diamonds  deposits ,,,,,,,,,
Mar-2007,3.3,Diamonds  deposits ,,,,,,,,,
Jun-2007,4.8,Diamonds  deposits ,,,,,,,,,
Sep-2007,5.0,Diamonds  deposits ,,,,,,,,,
Dec-2007,5.3,Diamonds  deposits ,,,,,,,,,
Mar-2008,6.1,Diamonds  deposits ,,,,,,,,,
Jun-2008,5.3,Diamonds  deposits ,,,,,,,,,
Sep-2008,2.4,Diamonds  deposits ,,,,,,,,,
Dec-2008,3.5,Diamonds  deposits ,,,,,,,,,
Mar-2009,2.0,Diamonds  deposits ,,,,,,,,,
Jun-2009,2.1,Diamonds  deposits ,,,,,,,,,
Sep-2009,2.7,Diamonds  deposits ,,,,,,,,,
Dec-2009,1.0,Diamonds  deposits ,,,,,,,,,
Mar-2010,,Diamonds  deposits ,,,,,,,,,
Jun-2010,,Diamonds  deposits ,,,,,,,,,
Sep-2010,,Diamonds  deposits ,,,,,,,,,
Dec-2010,,Diamonds  deposits ,,,,,,,,,
Mar-2011,0.6,Diamonds  deposits ,,,,,,,,,
Jun-2011,,Diamonds  deposits ,,,,,,,,,
Sep-2011,,Diamonds  deposits ,,,,,,,,,
Dec-2011,2.2,Diamonds  deposits ,,,,,,,,,
Mar-2012,1.1,Diamonds  deposits ,,,,,,,,,
Jun-2012,,Diamonds  deposits ,,,,,,,,,
Sep-2012,1.4,Diamonds  deposits ,,,,,,,,,
Dec-2012,1.6,Diamonds  deposits ,,,,,,,,,
Mar-2013,1.6,Diamonds  deposits ,,,,,,,,,
Jun-2013,1.7,Diamonds  deposits ,,,,,,,,,
Sep-2013,,Diamonds  deposits ,,,,,,,,,
Dec-2013,3.1,Diamonds  deposits ,,,,,,,,,
Mar-2014,2.5,Diamonds  deposits ,,,,,,,,,
Jun-2014,2.7,Diamonds  deposits ,,,,,,,,,
Sep-2014,1.8,Diamonds  deposits ,,,,,,,,,
Dec-2014,1.5,Diamonds  deposits ,,,,,,,,,
Mar-2015,0.9,Diamonds  deposits ,,,,,,,,,
Jun-2015,1.2,Diamonds  deposits ,,,,,,,,,
Sep-2015,1.6,Diamonds  deposits ,,,,,,,,,
Dec-2015,1.5,Diamonds  deposits ,,,,,,,,,
Mar-2016,0.3,Diamonds  deposits ,,,,,,,,,
Jun-2016,0.9,Diamonds  deposits ,,,,,,,,,
Sep-2016,0.2,Diamonds  deposits ,,,,,,,,,
Dec-2016,0.5,Diamonds  deposits ,,,,,,,,,
Mar-2017,0.4,Diamonds  deposits ,,,,,,,,,
Jun-2017,0.6,Diamonds  deposits ,,,,,,,,,
Sep-2017,1.0,Diamonds  deposits ,,,,,,,,,
Dec-2017,3.5,Diamonds  deposits ,,,,,,,,,
Mar-2018,2.0,Diamonds  deposits ,,,,,,,,,
Jun-2018,1.9,Diamonds  deposits ,,,,,,,,,
Sep-2018,3.3,Diamonds  deposits ,,,,,,,,,
Dec-2018,2.2,Diamonds  deposits ,,,,,,,,,
Mar-2019,1.2,Diamonds  deposits ,,,,,,,,,
Jun-2019,2.7,Diamonds  deposits ,,,,,,,,,
Sep-2019,2.1,Diamonds  deposits ,,,,,,,,,
Dec-2019,1.8,Diamonds  deposits ,,,,,,,,,
Mar-2020,0.5,Diamonds  deposits ,,,,,,,,,
Jun-2020,0.5,Diamonds  deposits ,,,,,,,,,
Sep-2020,1.2,Diamonds  deposits ,,,,,,,,,
Dec-2020,0.8,Diamonds  deposits ,,,,,,,,,
Mar-2021,0.5,Diamonds  deposits ,,,,,,,,,
Jun-2021,1.5,Diamonds  deposits ,,,,,,,,,
Sep-1999,5.1,Other  deposits ,,,,,,,,,
Dec-1999,,Other  deposits ,,,,,,,,,
Mar-2000,,Other  deposits ,,,,,,,,,
Jun-2000,3.1,Other  deposits ,,,,,,,,,
Sep-2000,,Other  deposits ,,,,,,,,,
Dec-2000,6.0,Other  deposits ,,,,,,,,,
Mar-2001,4.6,Other  deposits ,,,,,,,,,
Jun-2001,,Other  deposits ,,,,,,,,,
Sep-2001,8.2,Other  deposits ,,,,,,,,,
Dec-2001,7.3,Other  deposits ,,,,,,,,,
Mar-2002,4.6,Other  deposits ,,,,,,,,,
Jun-2002,3.4,Other  deposits ,,,,,,,,,
Sep-2002,7.0,Other  deposits ,,,,,,,,,
Dec-2002,5.4,Other  deposits ,,,,,,,,,
Mar-2003,5.5,Other  deposits ,,,,,,,,,
Jun-2003,7.9,Other  deposits ,,,,,,,,,
Sep-2003,5.4,Other  deposits ,,,,,,,,,
Dec-2003,9.7,Other  deposits ,,,,,,,,,
Mar-2004,8.8,Other  deposits ,,,,,,,,,
Jun-2004,8.6,Other  deposits ,,,,,,,,,
Sep-2004,8.8,Other  deposits ,,,,,,,,,
Dec-2004,12.2,Other  deposits ,,,,,,,,,
Mar-2005,7.8,Other  deposits ,,,,,,,,,
Jun-2005,9.8,Other  deposits ,,,,,,,,,
Sep-2005,12.7,Other  deposits ,,,,,,,,,
Dec-2005,12.9,Other  deposits ,,,,,,,,,
Mar-2006,11.2,Other  deposits ,,,,,,,,,
Jun-2006,12.3,Other  deposits ,,,,,,,,,
Sep-2006,9.9,Other  deposits ,,,,,,,,,
Dec-2006,11.9,Other  deposits ,,,,,,,,,
Mar-2007,10.6,Other  deposits ,,,,,,,,,
Jun-2007,14.5,Other  deposits ,,,,,,,,,
Sep-2007,19.6,Other  deposits ,,,,,,,,,
Dec-2007,27.8,Other  deposits ,,,,,,,,,
Mar-2008,23.5,Other  deposits ,,,,,,,,,
Jun-2008,39.4,Other  deposits ,,,,,,,,,
Sep-2008,46.8,Other  deposits ,,,,,,,,,
Dec-2008,43.7,Other  deposits ,,,,,,,,,
Mar-2009,23.3,Other  deposits ,,,,,,,,,
Jun-2009,40.3,Other  deposits ,,,,,,,,,
Sep-2009,37.4,Other  deposits ,,,,,,,,,
Dec-2009,39.7,Other  deposits ,,,,,,,,,
Mar-2010,32.5,Other  deposits ,,,,,,,,,
Jun-2010,37.5,Other  deposits ,,,,,,,,,
Sep-2010,48.4,Other  deposits ,,,,,,,,,
Dec-2010,44.2,Other  deposits ,,,,,,,,,
Mar-2011,43.4,Other  deposits ,,,,,,,,,
Jun-2011,60.3,Other  deposits ,,,,,,,,,
Sep-2011,62.7,Other  deposits ,,,,,,,,,
Dec-2011,57.2,Other  deposits ,,,,,,,,,
Mar-2012,38.2,Other  deposits ,,,,,,,,,
Jun-2012,41.1,Other  deposits ,,,,,,,,,
Sep-2012,45.9,Other  deposits ,,,,,,,,,
Dec-2012,39.2,Other  deposits ,,,,,,,,,
Mar-2013,33.2,Other  deposits ,,,,,,,,,
Jun-2013,42.9,Other  deposits ,,,,,,,,,
Sep-2013,40.1,Other  deposits ,,,,,,,,,
Dec-2013,43.0,Other  deposits ,,,,,,,,,
Mar-2014,30.5,Other  deposits ,,,,,,,,,
Jun-2014,42.8,Other  deposits ,,,,,,,,,
Sep-2014,38.0,Other  deposits ,,,,,,,,,
Dec-2014,35.6,Other  deposits ,,,,,,,,,
Mar-2015,26.0,Other  deposits ,,,,,,,,,
Jun-2015,29.5,Other  deposits ,,,,,,,,,
Sep-2015,36.6,Other  deposits ,,,,,,,,,
Dec-2015,29.5,Other  deposits ,,,,,,,,,
Mar-2016,20.5,Other  deposits ,,,,,,,,,
Jun-2016,26.0,Other  deposits ,,,,,,,,,
Sep-2016,33.0,Other  deposits ,,,,,,,,,
Dec-2016,36.8,Other  deposits ,,,,,,,,,
Mar-2017,37.1,Other  deposits ,,,,,,,,,
Jun-2017,38.3,Other  deposits ,,,,,,,,,
Sep-2017,38.0,Other  deposits ,,,,,,,,,
Dec-2017,45.5,Other  deposits ,,,,,,,,,
Mar-2018,43.8,Other  deposits ,,,,,,,,,
Jun-2018,48.8,Other  deposits ,,,,,,,,,
Sep-2018,50.9,Other  deposits ,,,,,,,,,
Dec-2018,49.9,Other  deposits ,,,,,,,,,
Mar-2019,39.7,Other  deposits ,,,,,,,,,
Jun-2019,53.9,Other  deposits ,,,,,,,,,
Sep-2019,56.9,Other  deposits ,,,,,,,,,
Dec-2019,72.5,Other  deposits ,,,,,,,,,
Mar-2020,38.0,Other  deposits ,,,,,,,,,
Jun-2020,47.4,Other  deposits ,,,,,,,,,
Sep-2020,54.5,Other  deposits ,,,,,,,,,
Dec-2020,52.9,Other  deposits ,,,,,,,,,
Mar-2021,48.9,Other  deposits ,,,,,,,,,
Jun-2021,66.1,Other  deposits ,,,,,,,,,
